[
  {
    "id": 1,
    "title": "Setting Up Birthday Party Decorations",
    "image": "https://i.ibb.co/WpJZ4pv/Setting-Up-Birthday-Party-Decorations.webp",
    "description": "Team setting up decorations for a birthday party."
  },
  {
    "id": 2,
    "title": "Joyful Birthday Cake Celebration",
    "image": "https://i.ibb.co/SNrzBj5/Joyful-Birthday-Cake-Celebration.jpg",
    "description": "Happy birthday cake with candles and balloons in the background."
  },
  {
    "id": 3,
    "title": "Delightful Birthday Buffet Enjoyment",
    "image": "https://i.ibb.co/DRZQKwp/Dancing-and-Music-Enjoyment-at-the-Party.jpg",
    "description": "Guests enjoying the delicious birthday buffet."
  },
  {
    "id": 4,
    "title": "Smiling Team and Celebrant Poses",
    "image": "https://i.ibb.co/RS3ZQZb/Smiling-Team-and-Celebrant-Poses.jpg",
    "description": "Smiling team members posing with the birthday celebrant."
  },
  {
    "id": 5,
    "title": "Creative and Colorful Table Setup",
    "image": "https://i.ibb.co/GxsVKbY/Creative-and-Colorful-Table-Setup.jpg",
    "description": "Colorful and creative table setup for the birthday event."
  },
  {
    "id": 6,
    "title": "Exciting Party Games and Activities",
    "image": "https://i.ibb.co/XCDRXqL/Exciting-Party-Games-and-Activities.webp",
    "description": "Exciting games and activities for the party attendees."
  },
  {
    "id": 7,
    "title": "Special Birthday Gift Presentation",
    "image": "https://i.ibb.co/Vp1HSd9/Special-Birthday-Gift-Presentation.jpg",
    "description": "Special birthday gift presentation to the celebrant."
  },
  {
    "id": 8,
    "title": "Live Entertainment with Birthday Performance",
    "image": "https://i.ibb.co/kypRdqj/Live-Entertainment-with-Birthday-Performance.jpg",
    "description": "Live entertainment with a birthday-themed performance."
  },
  {
    "id": 9,
    "title": "Dancing and Music Enjoyment at the Party",
    "image": "https://i.ibb.co/DRZQKwp/Dancing-and-Music-Enjoyment-at-the-Party.jpg",
    "description": "Guests dancing and enjoying the music at the party."
  },
  {
    "id": 10,
    "title": "Elegantly Decorated Venue with Lights and Flowers",
    "image": "https://i.ibb.co/VvMFH41/Elegantly-Decorated-Venue-with-Lights-and-Flowers.jpg",
    "description": "Beautifully decorated venue with lights and flowers."
  },
  {
    "id": 11,
    "title": "Event Planning Team and Celebrant Group Photo",
    "image": "https://i.ibb.co/cwhkfTc/Event-Planning-Team-and-Celebrant-Group-Photo.jpg",
    "description": "Group photo of the event planning team with the birthday celebrant."
  },
  {
    "id": 12,
    "title": "Happy Moments at the Cake Cutting Ceremony",
    "image": "https://i.ibb.co/2vzpmZn/Happy-Moments-at-the-Cake-Cutting-Ceremony.jpg",
    "description": "Happy moments captured during the cake cutting ceremony."
  }
]
